date,NFCICREDIT
1971-01-08,-1.114
1971-01-15,-1.116
1971-01-22,-1.119
1971-01-29,-1.124
1971-02-05,-1.131
1971-02-12,-1.141
1971-02-19,-1.154
1971-02-26,-1.171
1971-03-05,-1.193
1971-03-12,-1.219
1971-03-19,-1.251
1971-03-26,-1.288
1971-04-02,-1.33
1971-04-09,-1.376
1971-04-16,-1.427
1971-04-23,-1.481
1971-04-30,-1.536
1971-05-07,-1.592
1971-05-14,-1.646
1971-05-21,-1.698
1971-05-28,-1.746
1971-06-04,-1.789
1971-06-11,-1.827
1971-06-18,-1.856
1971-06-25,-1.878
1971-07-02,-1.892
1971-07-09,-1.896
1971-07-16,-1.892
1971-07-23,-1.878
1971-07-30,-1.856
1971-08-06,-1.826
1971-08-13,-1.79
1971-08-20,-1.748
1971-08-27,-1.702
1971-09-03,-1.654
1971-09-10,-1.605
1971-09-17,-1.557
1971-09-24,-1.512
1971-10-01,-1.472
1971-10-08,-1.436
1971-10-15,-1.407
1971-10-22,-1.385
1971-10-29,-1.37
1971-11-05,-1.364
1971-11-12,-1.366
1971-11-19,-1.375
1971-11-26,-1.392
1971-12-03,-1.416
1971-12-10,-1.447
1971-12-17,-1.484
1971-12-24,-1.525
1971-12-31,-1.571
1972-01-07,-1.62
1972-01-14,-1.671
1972-01-21,-1.724
1972-01-28,-1.778
1972-02-04,-1.831
1972-02-11,-1.883
1972-02-18,-1.933
1972-02-25,-1.981
1972-03-03,-2.026
1972-03-10,-2.067
1972-03-17,-2.105
1972-03-24,-2.14
1972-03-31,-2.171
1972-04-07,-2.198
1972-04-14,-2.222
1972-04-21,-2.243
1972-04-28,-2.262
1972-05-05,-2.279
1972-05-12,-2.295
1972-05-19,-2.31
1972-05-26,-2.326
1972-06-02,-2.342
1972-06-09,-2.36
1972-06-16,-2.38
1972-06-23,-2.402
1972-06-30,-2.428
1972-07-07,-2.456
1972-07-14,-2.486
1972-07-21,-2.52
1972-07-28,-2.556
1972-08-04,-2.594
1972-08-11,-2.634
1972-08-18,-2.675
1972-08-25,-2.715
1972-09-01,-2.754
1972-09-08,-2.792
1972-09-15,-2.827
1972-09-22,-2.859
1972-09-29,-2.888
1972-10-06,-2.913
1972-10-13,-2.934
1972-10-20,-2.952
1972-10-27,-2.967
1972-11-03,-2.98
1972-11-10,-2.992
1972-11-17,-3.002
1972-11-24,-3.011
1972-12-01,-3.021
1972-12-08,-3.03
1972-12-15,-3.04
1972-12-22,-3.05
1972-12-29,-3.06
1973-01-05,-3.07
1973-01-12,-3.081
1973-01-19,-3.092
1973-01-26,-3.102
1973-02-02,-3.112
1973-02-09,-3.122
1973-02-16,-3.131
1973-02-23,-3.138
1973-03-02,-3.143
1973-03-09,-3.147
1973-03-16,-3.148
1973-03-23,-3.146
1973-03-30,-3.142
1973-04-06,-3.135
1973-04-13,-3.124
1973-04-20,-3.111
1973-04-27,-3.094
1973-05-04,-3.073
1973-05-11,-3.048
1973-05-18,-3.017
1973-05-25,-2.981
1973-06-01,-2.938
1973-06-08,-2.888
1973-06-15,-2.83
1973-06-22,-2.763
1973-06-29,-2.688
1973-07-06,-2.604
1973-07-13,-2.511
1973-07-20,-2.41
1973-07-27,-2.302
1973-08-03,-2.187
1973-08-10,-2.066
1973-08-17,-1.941
1973-08-24,-1.812
1973-08-31,-1.682
1973-09-07,-1.552
1973-09-14,-1.424
1973-09-21,-1.302
1973-09-28,-1.186
1973-10-05,-1.08
1973-10-12,-0.985
1973-10-19,-0.902
1973-10-26,-0.832
1973-11-02,-0.776
1973-11-09,-0.732
1973-11-16,-0.699
1973-11-23,-0.677
1973-11-30,-0.664
1973-12-07,-0.659
1973-12-14,-0.661
1973-12-21,-0.669
1973-12-28,-0.681
1974-01-04,-0.697
1974-01-11,-0.718
1974-01-18,-0.74
1974-01-25,-0.765
1974-02-01,-0.791
1974-02-08,-0.816
1974-02-15,-0.838
1974-02-22,-0.858
1974-03-01,-0.872
1974-03-08,-0.88
1974-03-15,-0.881
1974-03-22,-0.874
1974-03-29,-0.859
1974-04-05,-0.836
1974-04-12,-0.805
1974-04-19,-0.766
1974-04-26,-0.721
1974-05-03,-0.67
1974-05-10,-0.613
1974-05-17,-0.552
1974-05-24,-0.487
1974-05-31,-0.418
1974-06-07,-0.346
1974-06-14,-0.273
1974-06-21,-0.199
1974-06-28,-0.124
1974-07-05,-0.051
1974-07-12,0.02
1974-07-19,0.09
1974-07-26,0.156
1974-08-02,0.221
1974-08-09,0.283
1974-08-16,0.344
1974-08-23,0.404
1974-08-30,0.464
1974-09-06,0.523
1974-09-13,0.581
1974-09-20,0.637
1974-09-27,0.688
1974-10-04,0.734
1974-10-11,0.773
1974-10-18,0.803
1974-10-25,0.823
1974-11-01,0.832
1974-11-08,0.831
1974-11-15,0.819
1974-11-22,0.796
1974-11-29,0.763
1974-12-06,0.719
1974-12-13,0.666
1974-12-20,0.602
1974-12-27,0.528
1975-01-03,0.445
1975-01-10,0.351
1975-01-17,0.249
1975-01-24,0.137
1975-01-31,0.018
1975-02-07,-0.107
1975-02-14,-0.236
1975-02-21,-0.369
1975-02-28,-0.502
1975-03-07,-0.635
1975-03-14,-0.764
1975-03-21,-0.89
1975-03-28,-1.01
1975-04-04,-1.122
1975-04-11,-1.227
1975-04-18,-1.322
1975-04-25,-1.409
1975-05-02,-1.487
1975-05-09,-1.557
1975-05-16,-1.618
1975-05-23,-1.672
1975-05-30,-1.72
1975-06-06,-1.762
1975-06-13,-1.799
1975-06-20,-1.833
1975-06-27,-1.864
1975-07-04,-1.892
1975-07-11,-1.918
1975-07-18,-1.941
1975-07-25,-1.962
1975-08-01,-1.98
1975-08-08,-1.995
1975-08-15,-2.005
1975-08-22,-2.011
1975-08-29,-2.011
1975-09-05,-2.006
1975-09-12,-1.996
1975-09-19,-1.983
1975-09-26,-1.968
1975-10-03,-1.951
1975-10-10,-1.935
1975-10-17,-1.921
1975-10-24,-1.91
1975-10-31,-1.902
1975-11-07,-1.897
1975-11-14,-1.896
1975-11-21,-1.898
1975-11-28,-1.902
1975-12-05,-1.907
1975-12-12,-1.914
1975-12-19,-1.922
1975-12-26,-1.932
1976-01-02,-1.943
1976-01-09,-1.957
1976-01-16,-1.972
1976-01-23,-1.989
1976-01-30,-2.008
1976-02-06,-2.029
1976-02-13,-2.049
1976-02-20,-2.07
1976-02-27,-2.091
1976-03-05,-2.111
1976-03-12,-2.129
1976-03-19,-2.146
1976-03-26,-2.162
1976-04-02,-2.177
1976-04-09,-2.191
1976-04-16,-2.204
1976-04-23,-2.216
1976-04-30,-2.227
1976-05-07,-2.236
1976-05-14,-2.242
1976-05-21,-2.246
1976-05-28,-2.246
1976-06-04,-2.243
1976-06-11,-2.235
1976-06-18,-2.224
1976-06-25,-2.208
1976-07-02,-2.189
1976-07-09,-2.167
1976-07-16,-2.142
1976-07-23,-2.115
1976-07-30,-2.085
1976-08-06,-2.053
1976-08-13,-2.02
1976-08-20,-1.985
1976-08-27,-1.948
1976-09-03,-1.911
1976-09-10,-1.873
1976-09-17,-1.835
1976-09-24,-1.798
1976-10-01,-1.761
1976-10-08,-1.727
1976-10-15,-1.695
1976-10-22,-1.667
1976-10-29,-1.641
1976-11-05,-1.62
1976-11-12,-1.604
1976-11-19,-1.592
1976-11-26,-1.585
1976-12-03,-1.585
1976-12-10,-1.59
1976-12-17,-1.601
1976-12-24,-1.618
1976-12-31,-1.64
1977-01-07,-1.666
1977-01-14,-1.695
1977-01-21,-1.726
1977-01-28,-1.757
1977-02-04,-1.786
1977-02-11,-1.813
1977-02-18,-1.837
1977-02-25,-1.856
1977-03-04,-1.87
1977-03-11,-1.879
1977-03-18,-1.882
1977-03-25,-1.879
1977-04-01,-1.871
1977-04-08,-1.858
1977-04-15,-1.84
1977-04-22,-1.817
1977-04-29,-1.79
1977-05-06,-1.759
1977-05-13,-1.726
1977-05-20,-1.69
1977-05-27,-1.652
1977-06-03,-1.614
1977-06-10,-1.577
1977-06-17,-1.54
1977-06-24,-1.506
1977-07-01,-1.475
1977-07-08,-1.447
1977-07-15,-1.422
1977-07-22,-1.402
1977-07-29,-1.385
1977-08-05,-1.372
1977-08-12,-1.362
1977-08-19,-1.354
1977-08-26,-1.347
1977-09-02,-1.342
1977-09-09,-1.337
1977-09-16,-1.333
1977-09-23,-1.327
1977-09-30,-1.321
1977-10-07,-1.312
1977-10-14,-1.301
1977-10-21,-1.288
1977-10-28,-1.27
1977-11-04,-1.248
1977-11-11,-1.221
1977-11-18,-1.188
1977-11-25,-1.149
1977-12-02,-1.104
1977-12-09,-1.052
1977-12-16,-0.995
1977-12-23,-0.932
1977-12-30,-0.865
1978-01-06,-0.795
1978-01-13,-0.723
1978-01-20,-0.651
1978-01-27,-0.58
1978-02-03,-0.513
1978-02-10,-0.449
1978-02-17,-0.389
1978-02-24,-0.334
1978-03-03,-0.284
1978-03-10,-0.238
1978-03-17,-0.196
1978-03-24,-0.158
1978-03-31,-0.124
1978-04-07,-0.093
1978-04-14,-0.065
1978-04-21,-0.04
1978-04-28,-0.018
1978-05-05,0.001
1978-05-12,0.018
1978-05-19,0.033
1978-05-26,0.046
1978-06-02,0.058
1978-06-09,0.071
1978-06-16,0.083
1978-06-23,0.097
1978-06-30,0.111
1978-07-07,0.126
1978-07-14,0.143
1978-07-21,0.159
1978-07-28,0.176
1978-08-04,0.193
1978-08-11,0.21
1978-08-18,0.226
1978-08-25,0.242
1978-09-01,0.257
1978-09-08,0.274
1978-09-15,0.291
1978-09-22,0.309
1978-09-29,0.328
1978-10-06,0.349
1978-10-13,0.37
1978-10-20,0.392
1978-10-27,0.415
1978-11-03,0.437
1978-11-10,0.459
1978-11-17,0.481
1978-11-24,0.503
1978-12-01,0.524
1978-12-08,0.545
1978-12-15,0.565
1978-12-22,0.584
1978-12-29,0.601
1979-01-05,0.618
1979-01-12,0.632
1979-01-19,0.643
1979-01-26,0.653
1979-02-02,0.66
1979-02-09,0.665
1979-02-16,0.67
1979-02-23,0.675
1979-03-02,0.681
1979-03-09,0.689
1979-03-16,0.7
1979-03-23,0.715
1979-03-30,0.733
1979-04-06,0.755
1979-04-13,0.78
1979-04-20,0.809
1979-04-27,0.842
1979-05-04,0.878
1979-05-11,0.917
1979-05-18,0.959
1979-05-25,1.003
1979-06-01,1.048
1979-06-08,1.093
1979-06-15,1.138
1979-06-22,1.182
1979-06-29,1.223
1979-07-06,1.26
1979-07-13,1.295
1979-07-20,1.326
1979-07-27,1.354
1979-08-03,1.38
1979-08-10,1.404
1979-08-17,1.429
1979-08-24,1.454
1979-08-31,1.481
1979-09-07,1.509
1979-09-14,1.54
1979-09-21,1.573
1979-09-28,1.607
1979-10-05,1.643
1979-10-12,1.68
1979-10-19,1.716
1979-10-26,1.751
1979-11-02,1.785
1979-11-09,1.816
1979-11-16,1.844
1979-11-23,1.869
1979-11-30,1.89
1979-12-07,1.909
1979-12-14,1.925
1979-12-21,1.941
1979-12-28,1.957
1980-01-04,1.976
1980-01-11,2.002
1980-01-18,2.035
1980-01-25,2.081
1980-02-01,2.14
1980-02-08,2.215
1980-02-15,2.307
1980-02-22,2.416
1980-02-29,2.54
1980-03-07,2.676
1980-03-14,2.819
1980-03-21,2.962
1980-03-28,3.099
1980-04-04,3.223
1980-04-11,3.327
1980-04-18,3.405
1980-04-25,3.453
1980-05-02,3.467
1980-05-09,3.447
1980-05-16,3.394
1980-05-23,3.31
1980-05-30,3.198
1980-06-06,3.063
1980-06-13,2.912
1980-06-20,2.749
1980-06-27,2.582
1980-07-04,2.417
1980-07-11,2.259
1980-07-18,2.114
1980-07-25,1.985
1980-08-01,1.876
1980-08-08,1.787
1980-08-15,1.721
1980-08-22,1.675
1980-08-29,1.65
1980-09-05,1.644
1980-09-12,1.655
1980-09-19,1.68
1980-09-26,1.718
1980-10-03,1.767
1980-10-10,1.825
1980-10-17,1.889
1980-10-24,1.958
1980-10-31,2.031
1980-11-07,2.106
1980-11-14,2.182
1980-11-21,2.258
1980-11-28,2.334
1980-12-05,2.407
1980-12-12,2.476
1980-12-19,2.54
1980-12-26,2.598
1981-01-02,2.647
1981-01-09,2.687
1981-01-16,2.716
1981-01-23,2.734
1981-01-30,2.741
1981-02-06,2.737
1981-02-13,2.723
1981-02-20,2.701
1981-02-27,2.673
1981-03-06,2.64
1981-03-13,2.606
1981-03-20,2.573
1981-03-27,2.543
1981-04-03,2.519
1981-04-10,2.503
1981-04-17,2.496
1981-04-24,2.498
1981-05-01,2.508
1981-05-08,2.525
1981-05-15,2.547
1981-05-22,2.571
1981-05-29,2.594
1981-06-05,2.615
1981-06-12,2.633
1981-06-19,2.646
1981-06-26,2.656
1981-07-03,2.663
1981-07-10,2.67
1981-07-17,2.678
1981-07-24,2.689
1981-07-31,2.704
1981-08-07,2.724
1981-08-14,2.75
1981-08-21,2.782
1981-08-28,2.82
1981-09-04,2.863
1981-09-11,2.911
1981-09-18,2.963
1981-09-25,3.017
1981-10-02,3.072
1981-10-09,3.126
1981-10-16,3.178
1981-10-23,3.225
1981-10-30,3.264
1981-11-06,3.296
1981-11-13,3.317
1981-11-20,3.327
1981-11-27,3.328
1981-12-04,3.319
1981-12-11,3.305
1981-12-18,3.286
1981-12-25,3.266
1982-01-01,3.247
1982-01-08,3.231
1982-01-15,3.219
1982-01-22,3.212
1982-01-29,3.209
1982-02-05,3.209
1982-02-12,3.212
1982-02-19,3.216
1982-02-26,3.219
1982-03-05,3.221
1982-03-12,3.221
1982-03-19,3.219
1982-03-26,3.215
1982-04-02,3.209
1982-04-09,3.2
1982-04-16,3.19
1982-04-23,3.177
1982-04-30,3.161
1982-05-07,3.144
1982-05-14,3.125
1982-05-21,3.105
1982-05-28,3.084
1982-06-04,3.063
1982-06-11,3.043
1982-06-18,3.026
1982-06-25,3.01
1982-07-02,2.997
1982-07-09,2.986
1982-07-16,2.976
1982-07-23,2.965
1982-07-30,2.952
1982-08-06,2.936
1982-08-13,2.915
1982-08-20,2.891
1982-08-27,2.86
1982-09-03,2.824
1982-09-10,2.783
1982-09-17,2.738
1982-09-24,2.688
1982-10-01,2.634
1982-10-08,2.576
1982-10-15,2.514
1982-10-22,2.448
1982-10-29,2.378
1982-11-05,2.304
1982-11-12,2.227
1982-11-19,2.146
1982-11-26,2.061
1982-12-03,1.974
1982-12-10,1.885
1982-12-17,1.795
1982-12-24,1.705
1982-12-31,1.616
1983-01-07,1.528
1983-01-14,1.443
1983-01-21,1.361
1983-01-28,1.282
1983-02-04,1.207
1983-02-11,1.134
1983-02-18,1.064
1983-02-25,0.996
1983-03-04,0.929
1983-03-11,0.863
1983-03-18,0.798
1983-03-25,0.733
1983-04-01,0.67
1983-04-08,0.607
1983-04-15,0.547
1983-04-22,0.489
1983-04-29,0.435
1983-05-06,0.384
1983-05-13,0.337
1983-05-20,0.294
1983-05-27,0.256
1983-06-03,0.222
1983-06-10,0.194
1983-06-17,0.171
1983-06-24,0.154
1983-07-01,0.142
1983-07-08,0.135
1983-07-15,0.135
1983-07-22,0.139
1983-07-29,0.148
1983-08-05,0.162
1983-08-12,0.179
1983-08-19,0.198
1983-08-26,0.219
1983-09-02,0.24
1983-09-09,0.261
1983-09-16,0.281
1983-09-23,0.299
1983-09-30,0.314
1983-10-07,0.325
1983-10-14,0.333
1983-10-21,0.337
1983-10-28,0.336
1983-11-04,0.332
1983-11-11,0.324
1983-11-18,0.312
1983-11-25,0.296
1983-12-02,0.278
1983-12-09,0.256
1983-12-16,0.232
1983-12-23,0.206
1983-12-30,0.177
1984-01-06,0.146
1984-01-13,0.112
1984-01-20,0.076
1984-01-27,0.038
1984-02-03,-0.001
1984-02-10,-0.041
1984-02-17,-0.081
1984-02-24,-0.12
1984-03-02,-0.156
1984-03-09,-0.189
1984-03-16,-0.217
1984-03-23,-0.24
1984-03-30,-0.257
1984-04-06,-0.268
1984-04-13,-0.273
1984-04-20,-0.272
1984-04-27,-0.265
1984-05-04,-0.251
1984-05-11,-0.232
1984-05-18,-0.206
1984-05-25,-0.175
1984-06-01,-0.137
1984-06-08,-0.094
1984-06-15,-0.045
1984-06-22,0.008
1984-06-29,0.063
1984-07-06,0.121
1984-07-13,0.179
1984-07-20,0.234
1984-07-27,0.287
1984-08-03,0.334
1984-08-10,0.375
1984-08-17,0.409
1984-08-24,0.437
1984-08-31,0.457
1984-09-07,0.47
1984-09-14,0.478
1984-09-21,0.48
1984-09-28,0.476
1984-10-05,0.468
1984-10-12,0.455
1984-10-19,0.438
1984-10-26,0.417
1984-11-02,0.392
1984-11-09,0.362
1984-11-16,0.329
1984-11-23,0.291
1984-11-30,0.251
1984-12-07,0.207
1984-12-14,0.162
1984-12-21,0.118
1984-12-28,0.074
1985-01-04,0.032
1985-01-11,-0.005
1985-01-18,-0.037
1985-01-25,-0.064
1985-02-01,-0.083
1985-02-08,-0.095
1985-02-15,-0.1
1985-02-22,-0.097
1985-03-01,-0.088
1985-03-08,-0.073
1985-03-15,-0.052
1985-03-22,-0.028
1985-03-29,-0.002
1985-04-05,0.024
1985-04-12,0.049
1985-04-19,0.071
1985-04-26,0.088
1985-05-03,0.099
1985-05-10,0.102
1985-05-17,0.098
1985-05-24,0.085
1985-05-31,0.063
1985-06-07,0.034
1985-06-14,-0.001
1985-06-21,-0.041
1985-06-28,-0.084
1985-07-05,-0.128
1985-07-12,-0.173
1985-07-19,-0.215
1985-07-26,-0.254
1985-08-02,-0.288
1985-08-09,-0.318
1985-08-16,-0.343
1985-08-23,-0.363
1985-08-30,-0.379
1985-09-06,-0.39
1985-09-13,-0.397
1985-09-20,-0.4
1985-09-27,-0.4
1985-10-04,-0.398
1985-10-11,-0.393
1985-10-18,-0.387
1985-10-25,-0.38
1985-11-01,-0.372
1985-11-08,-0.366
1985-11-15,-0.36
1985-11-22,-0.357
1985-11-29,-0.356
1985-12-06,-0.358
1985-12-13,-0.363
1985-12-20,-0.37
1985-12-27,-0.38
1986-01-03,-0.392
1986-01-10,-0.405
1986-01-17,-0.419
1986-01-24,-0.434
1986-01-31,-0.448
1986-02-07,-0.462
1986-02-14,-0.475
1986-02-21,-0.488
1986-02-28,-0.501
1986-03-07,-0.514
1986-03-14,-0.526
1986-03-21,-0.539
1986-03-28,-0.551
1986-04-04,-0.564
1986-04-11,-0.575
1986-04-18,-0.585
1986-04-25,-0.592
1986-05-02,-0.596
1986-05-09,-0.595
1986-05-16,-0.59
1986-05-23,-0.579
1986-05-30,-0.563
1986-06-06,-0.543
1986-06-13,-0.519
1986-06-20,-0.494
1986-06-27,-0.469
1986-07-04,-0.447
1986-07-11,-0.427
1986-07-18,-0.413
1986-07-25,-0.404
1986-08-01,-0.4
1986-08-08,-0.402
1986-08-15,-0.408
1986-08-22,-0.416
1986-08-29,-0.427
1986-09-05,-0.437
1986-09-12,-0.445
1986-09-19,-0.449
1986-09-26,-0.448
1986-10-03,-0.441
1986-10-10,-0.429
1986-10-17,-0.411
1986-10-24,-0.389
1986-10-31,-0.362
1986-11-07,-0.332
1986-11-14,-0.3
1986-11-21,-0.269
1986-11-28,-0.238
1986-12-05,-0.208
1986-12-12,-0.182
1986-12-19,-0.158
1986-12-26,-0.138
1987-01-02,-0.121
1987-01-09,-0.109
1987-01-16,-0.101
1987-01-23,-0.097
1987-01-30,-0.098
1987-02-06,-0.103
1987-02-13,-0.111
1987-02-20,-0.123
1987-02-27,-0.138
1987-03-06,-0.154
1987-03-13,-0.172
1987-03-20,-0.19
1987-03-27,-0.208
1987-04-03,-0.225
1987-04-10,-0.24
1987-04-17,-0.252
1987-04-24,-0.26
1987-05-01,-0.265
1987-05-08,-0.266
1987-05-15,-0.264
1987-05-22,-0.26
1987-05-29,-0.253
1987-06-05,-0.246
1987-06-12,-0.239
1987-06-19,-0.233
1987-06-26,-0.231
1987-07-03,-0.231
1987-07-10,-0.235
1987-07-17,-0.243
1987-07-24,-0.254
1987-07-31,-0.267
1987-08-07,-0.281
1987-08-14,-0.295
1987-08-21,-0.306
1987-08-28,-0.313
1987-09-04,-0.315
1987-09-11,-0.31
1987-09-18,-0.299
1987-09-25,-0.281
1987-10-02,-0.258
1987-10-09,-0.229
1987-10-16,-0.198
1987-10-23,-0.166
1987-10-30,-0.135
1987-11-06,-0.107
1987-11-13,-0.083
1987-11-20,-0.064
1987-11-27,-0.05
1987-12-04,-0.04
1987-12-11,-0.033
1987-12-18,-0.03
1987-12-25,-0.028
1988-01-01,-0.028
1988-01-08,-0.029
1988-01-15,-0.03
1988-01-22,-0.032
1988-01-29,-0.034
1988-02-05,-0.038
1988-02-12,-0.043
1988-02-19,-0.05
1988-02-26,-0.057
1988-03-04,-0.066
1988-03-11,-0.076
1988-03-18,-0.086
1988-03-25,-0.096
1988-04-01,-0.105
1988-04-08,-0.114
1988-04-15,-0.121
1988-04-22,-0.127
1988-04-29,-0.133
1988-05-06,-0.138
1988-05-13,-0.142
1988-05-20,-0.147
1988-05-27,-0.151
1988-06-03,-0.157
1988-06-10,-0.162
1988-06-17,-0.168
1988-06-24,-0.175
1988-07-01,-0.181
1988-07-08,-0.186
1988-07-15,-0.189
1988-07-22,-0.191
1988-07-29,-0.19
1988-08-05,-0.185
1988-08-12,-0.177
1988-08-19,-0.166
1988-08-26,-0.151
1988-09-02,-0.133
1988-09-09,-0.114
1988-09-16,-0.094
1988-09-23,-0.075
1988-09-30,-0.057
1988-10-07,-0.043
1988-10-14,-0.031
1988-10-21,-0.023
1988-10-28,-0.017
1988-11-04,-0.013
1988-11-11,-0.009
1988-11-18,-0.006
1988-11-25,-0.001
1988-12-02,0.004
1988-12-09,0.012
1988-12-16,0.021
1988-12-23,0.031
1988-12-30,0.042
1989-01-06,0.054
1989-01-13,0.065
1989-01-20,0.077
1989-01-27,0.088
1989-02-03,0.099
1989-02-10,0.111
1989-02-17,0.123
1989-02-24,0.136
1989-03-03,0.151
1989-03-10,0.167
1989-03-17,0.184
1989-03-24,0.201
1989-03-31,0.219
1989-04-07,0.237
1989-04-14,0.253
1989-04-21,0.267
1989-04-28,0.28
1989-05-05,0.29
1989-05-12,0.299
1989-05-19,0.307
1989-05-26,0.315
1989-06-02,0.323
1989-06-09,0.33
1989-06-16,0.338
1989-06-23,0.346
1989-06-30,0.354
1989-07-07,0.362
1989-07-14,0.37
1989-07-21,0.377
1989-07-28,0.384
1989-08-04,0.391
1989-08-11,0.399
1989-08-18,0.408
1989-08-25,0.419
1989-09-01,0.431
1989-09-08,0.446
1989-09-15,0.462
1989-09-22,0.48
1989-09-29,0.499
1989-10-06,0.518
1989-10-13,0.536
1989-10-20,0.554
1989-10-27,0.57
1989-11-03,0.584
1989-11-10,0.597
1989-11-17,0.608
1989-11-24,0.617
1989-12-01,0.624
1989-12-08,0.63
1989-12-15,0.635
1989-12-22,0.64
1989-12-29,0.646
1990-01-05,0.652
1990-01-12,0.66
1990-01-19,0.67
1990-01-26,0.683
1990-02-02,0.698
1990-02-09,0.714
1990-02-16,0.731
1990-02-23,0.748
1990-03-02,0.763
1990-03-09,0.776
1990-03-16,0.786
1990-03-23,0.794
1990-03-30,0.799
1990-04-06,0.801
1990-04-13,0.801
1990-04-20,0.799
1990-04-27,0.796
1990-05-04,0.791
1990-05-11,0.786
1990-05-18,0.78
1990-05-25,0.773
1990-06-01,0.766
1990-06-08,0.759
1990-06-15,0.753
1990-06-22,0.749
1990-06-29,0.748
1990-07-06,0.751
1990-07-13,0.758
1990-07-20,0.77
1990-07-27,0.787
1990-08-03,0.81
1990-08-10,0.838
1990-08-17,0.871
1990-08-24,0.909
1990-08-31,0.949
1990-09-07,0.993
1990-09-14,1.038
1990-09-21,1.083
1990-09-28,1.129
1990-10-05,1.173
1990-10-12,1.216
1990-10-19,1.255
1990-10-26,1.29
1990-11-02,1.32
1990-11-09,1.343
1990-11-16,1.359
1990-11-23,1.367
1990-11-30,1.366
1990-12-07,1.356
1990-12-14,1.338
1990-12-21,1.312
1990-12-28,1.278
1991-01-04,1.238
1991-01-11,1.194
1991-01-18,1.145
1991-01-25,1.094
1991-02-01,1.04
1991-02-08,0.985
1991-02-15,0.929
1991-02-22,0.873
1991-03-01,0.818
1991-03-08,0.765
1991-03-15,0.715
1991-03-22,0.669
1991-03-29,0.627
1991-04-05,0.589
1991-04-12,0.556
1991-04-19,0.526
1991-04-26,0.5
1991-05-03,0.477
1991-05-10,0.457
1991-05-17,0.439
1991-05-24,0.423
1991-05-31,0.408
1991-06-07,0.394
1991-06-14,0.381
1991-06-21,0.37
1991-06-28,0.359
1991-07-05,0.35
1991-07-12,0.342
1991-07-19,0.334
1991-07-26,0.328
1991-08-02,0.322
1991-08-09,0.318
1991-08-16,0.313
1991-08-23,0.309
1991-08-30,0.303
1991-09-06,0.298
1991-09-13,0.291
1991-09-20,0.282
1991-09-27,0.272
1991-10-04,0.261
1991-10-11,0.248
1991-10-18,0.235
1991-10-25,0.221
1991-11-01,0.209
1991-11-08,0.198
1991-11-15,0.189
1991-11-22,0.182
1991-11-29,0.177
1991-12-06,0.172
1991-12-13,0.166
1991-12-20,0.159
1991-12-27,0.149
1992-01-03,0.135
1992-01-10,0.118
1992-01-17,0.097
1992-01-24,0.073
1992-01-31,0.047
1992-02-07,0.021
1992-02-14,-0.004
1992-02-21,-0.027
1992-02-28,-0.048
1992-03-06,-0.066
1992-03-13,-0.082
1992-03-20,-0.096
1992-03-27,-0.109
1992-04-03,-0.12
1992-04-10,-0.132
1992-04-17,-0.143
1992-04-24,-0.154
1992-05-01,-0.165
1992-05-08,-0.175
1992-05-15,-0.185
1992-05-22,-0.194
1992-05-29,-0.202
1992-06-05,-0.208
1992-06-12,-0.213
1992-06-19,-0.217
1992-06-26,-0.218
1992-07-03,-0.218
1992-07-10,-0.216
1992-07-17,-0.213
1992-07-24,-0.209
1992-07-31,-0.202
1992-08-07,-0.195
1992-08-14,-0.185
1992-08-21,-0.175
1992-08-28,-0.165
1992-09-04,-0.155
1992-09-11,-0.147
1992-09-18,-0.141
1992-09-25,-0.138
1992-10-02,-0.138
1992-10-09,-0.142
1992-10-16,-0.147
1992-10-23,-0.153
1992-10-30,-0.16
1992-11-06,-0.166
1992-11-13,-0.172
1992-11-20,-0.177
1992-11-27,-0.18
1992-12-04,-0.183
1992-12-11,-0.185
1992-12-18,-0.187
1992-12-25,-0.19
1993-01-01,-0.192
1993-01-08,-0.195
1993-01-15,-0.198
1993-01-22,-0.2
1993-01-29,-0.201
1993-02-05,-0.202
1993-02-12,-0.202
1993-02-19,-0.202
1993-02-26,-0.203
1993-03-05,-0.205
1993-03-12,-0.209
1993-03-19,-0.215
1993-03-26,-0.222
1993-04-02,-0.232
1993-04-09,-0.242
1993-04-16,-0.253
1993-04-23,-0.264
1993-04-30,-0.274
1993-05-07,-0.283
1993-05-14,-0.292
1993-05-21,-0.3
1993-05-28,-0.306
1993-06-04,-0.313
1993-06-11,-0.319
1993-06-18,-0.325
1993-06-25,-0.33
1993-07-02,-0.334
1993-07-09,-0.337
1993-07-16,-0.337
1993-07-23,-0.335
1993-07-30,-0.33
1993-08-06,-0.322
1993-08-13,-0.312
1993-08-20,-0.299
1993-08-27,-0.287
1993-09-03,-0.274
1993-09-10,-0.264
1993-09-17,-0.255
1993-09-24,-0.25
1993-10-01,-0.249
1993-10-08,-0.251
1993-10-15,-0.257
1993-10-22,-0.265
1993-10-29,-0.276
1993-11-05,-0.289
1993-11-12,-0.303
1993-11-19,-0.318
1993-11-26,-0.332
1993-12-03,-0.347
1993-12-10,-0.362
1993-12-17,-0.378
1993-12-24,-0.394
1993-12-31,-0.41
1994-01-07,-0.427
1994-01-14,-0.444
1994-01-21,-0.46
1994-01-28,-0.476
1994-02-04,-0.49
1994-02-11,-0.502
1994-02-18,-0.513
1994-02-25,-0.52
1994-03-04,-0.525
1994-03-11,-0.526
1994-03-18,-0.523
1994-03-25,-0.517
1994-04-01,-0.507
1994-04-08,-0.493
1994-04-15,-0.477
1994-04-22,-0.459
1994-04-29,-0.44
1994-05-06,-0.42
1994-05-13,-0.402
1994-05-20,-0.385
1994-05-27,-0.37
1994-06-03,-0.357
1994-06-10,-0.347
1994-06-17,-0.34
1994-06-24,-0.335
1994-07-01,-0.332
1994-07-08,-0.331
1994-07-15,-0.331
1994-07-22,-0.331
1994-07-29,-0.333
1994-08-05,-0.335
1994-08-12,-0.338
1994-08-19,-0.341
1994-08-26,-0.345
1994-09-02,-0.348
1994-09-09,-0.352
1994-09-16,-0.355
1994-09-23,-0.357
1994-09-30,-0.357
1994-10-07,-0.355
1994-10-14,-0.349
1994-10-21,-0.34
1994-10-28,-0.327
1994-11-04,-0.31
1994-11-11,-0.29
1994-11-18,-0.266
1994-11-25,-0.241
1994-12-02,-0.215
1994-12-09,-0.189
1994-12-16,-0.166
1994-12-23,-0.146
1994-12-30,-0.13
1995-01-06,-0.118
1995-01-13,-0.111
1995-01-20,-0.107
1995-01-27,-0.106
1995-02-03,-0.107
1995-02-10,-0.111
1995-02-17,-0.115
1995-02-24,-0.12
1995-03-03,-0.126
1995-03-10,-0.13
1995-03-17,-0.134
1995-03-24,-0.137
1995-03-31,-0.139
1995-04-07,-0.14
1995-04-14,-0.141
1995-04-21,-0.141
1995-04-28,-0.141
1995-05-05,-0.141
1995-05-12,-0.14
1995-05-19,-0.14
1995-05-26,-0.14
1995-06-02,-0.141
1995-06-09,-0.142
1995-06-16,-0.145
1995-06-23,-0.149
1995-06-30,-0.153
1995-07-07,-0.159
1995-07-14,-0.164
1995-07-21,-0.168
1995-07-28,-0.17
1995-08-04,-0.171
1995-08-11,-0.169
1995-08-18,-0.165
1995-08-25,-0.16
1995-09-01,-0.153
1995-09-08,-0.147
1995-09-15,-0.141
1995-09-22,-0.136
1995-09-29,-0.132
1995-10-06,-0.13
1995-10-13,-0.127
1995-10-20,-0.125
1995-10-27,-0.122
1995-11-03,-0.118
1995-11-10,-0.114
1995-11-17,-0.109
1995-11-24,-0.104
1995-12-01,-0.099
1995-12-08,-0.095
1995-12-15,-0.093
1995-12-22,-0.094
1995-12-29,-0.097
1996-01-05,-0.103
1996-01-12,-0.112
1996-01-19,-0.123
1996-01-26,-0.136
1996-02-02,-0.15
1996-02-09,-0.164
1996-02-16,-0.179
1996-02-23,-0.192
1996-03-01,-0.203
1996-03-08,-0.212
1996-03-15,-0.22
1996-03-22,-0.225
1996-03-29,-0.229
1996-04-05,-0.231
1996-04-12,-0.233
1996-04-19,-0.234
1996-04-26,-0.236
1996-05-03,-0.238
1996-05-10,-0.24
1996-05-17,-0.243
1996-05-24,-0.246
1996-05-31,-0.249
1996-06-07,-0.253
1996-06-14,-0.255
1996-06-21,-0.258
1996-06-28,-0.26
1996-07-05,-0.262
1996-07-12,-0.264
1996-07-19,-0.266
1996-07-26,-0.268
1996-08-02,-0.269
1996-08-09,-0.271
1996-08-16,-0.273
1996-08-23,-0.275
1996-08-30,-0.276
1996-09-06,-0.276
1996-09-13,-0.275
1996-09-20,-0.272
1996-09-27,-0.268
1996-10-04,-0.263
1996-10-11,-0.257
1996-10-18,-0.251
1996-10-25,-0.247
1996-11-01,-0.243
1996-11-08,-0.241
1996-11-15,-0.24
1996-11-22,-0.24
1996-11-29,-0.241
1996-12-06,-0.242
1996-12-13,-0.243
1996-12-20,-0.243
1996-12-27,-0.241
1997-01-03,-0.238
1997-01-10,-0.235
1997-01-17,-0.231
1997-01-24,-0.226
1997-01-31,-0.222
1997-02-07,-0.218
1997-02-14,-0.215
1997-02-21,-0.212
1997-02-28,-0.209
1997-03-07,-0.207
1997-03-14,-0.205
1997-03-21,-0.203
1997-03-28,-0.202
1997-04-04,-0.203
1997-04-11,-0.204
1997-04-18,-0.206
1997-04-25,-0.208
1997-05-02,-0.21
1997-05-09,-0.212
1997-05-16,-0.212
1997-05-23,-0.21
1997-05-30,-0.207
1997-06-06,-0.203
1997-06-13,-0.198
1997-06-20,-0.194
1997-06-27,-0.191
1997-07-04,-0.19
1997-07-11,-0.19
1997-07-18,-0.193
1997-07-25,-0.197
1997-08-01,-0.203
1997-08-08,-0.209
1997-08-15,-0.215
1997-08-22,-0.221
1997-08-29,-0.226
1997-09-05,-0.23
1997-09-12,-0.232
1997-09-19,-0.232
1997-09-26,-0.231
1997-10-03,-0.228
1997-10-10,-0.221
1997-10-17,-0.212
1997-10-24,-0.199
1997-10-31,-0.183
1997-11-07,-0.164
1997-11-14,-0.145
1997-11-21,-0.125
1997-11-28,-0.108
1997-12-05,-0.094
1997-12-12,-0.086
1997-12-19,-0.084
1997-12-26,-0.09
1998-01-02,-0.101
1998-01-09,-0.118
1998-01-16,-0.137
1998-01-23,-0.156
1998-01-30,-0.172
1998-02-06,-0.185
1998-02-13,-0.194
1998-02-20,-0.197
1998-02-27,-0.197
1998-03-06,-0.195
1998-03-13,-0.191
1998-03-20,-0.188
1998-03-27,-0.185
1998-04-03,-0.184
1998-04-10,-0.184
1998-04-17,-0.182
1998-04-24,-0.179
1998-05-01,-0.174
1998-05-08,-0.165
1998-05-15,-0.153
1998-05-22,-0.138
1998-05-29,-0.122
1998-06-05,-0.105
1998-06-12,-0.088
1998-06-19,-0.074
1998-06-26,-0.064
1998-07-03,-0.056
1998-07-10,-0.052
1998-07-17,-0.049
1998-07-24,-0.045
1998-07-31,-0.039
1998-08-07,-0.029
1998-08-14,-0.015
1998-08-21,0.005
1998-08-28,0.029
1998-09-04,0.057
1998-09-11,0.086
1998-09-18,0.116
1998-09-25,0.145
1998-10-02,0.172
1998-10-09,0.196
1998-10-16,0.218
1998-10-23,0.235
1998-10-30,0.249
1998-11-06,0.258
1998-11-13,0.262
1998-11-20,0.26
1998-11-27,0.254
1998-12-04,0.241
1998-12-11,0.223
1998-12-18,0.2
1998-12-25,0.172
1999-01-01,0.142
1999-01-08,0.111
1999-01-15,0.082
1999-01-22,0.054
1999-01-29,0.029
1999-02-05,0.008
1999-02-12,-0.01
1999-02-19,-0.024
1999-02-26,-0.036
1999-03-05,-0.044
1999-03-12,-0.05
1999-03-19,-0.055
1999-03-26,-0.059
1999-04-02,-0.062
1999-04-09,-0.064
1999-04-16,-0.066
1999-04-23,-0.068
1999-04-30,-0.07
1999-05-07,-0.07
1999-05-14,-0.07
1999-05-21,-0.069
1999-05-28,-0.066
1999-06-04,-0.063
1999-06-11,-0.059
1999-06-18,-0.054
1999-06-25,-0.049
1999-07-02,-0.044
1999-07-09,-0.038
1999-07-16,-0.032
1999-07-23,-0.026
1999-07-30,-0.021
1999-08-06,-0.015
1999-08-13,-0.009
1999-08-20,-0.004
1999-08-27,0.0
1999-09-03,0.003
1999-09-10,0.005
1999-09-17,0.007
1999-09-24,0.007
1999-10-01,0.008
1999-10-08,0.01
1999-10-15,0.012
1999-10-22,0.018
1999-10-29,0.025
1999-11-05,0.036
1999-11-12,0.049
1999-11-19,0.064
1999-11-26,0.079
1999-12-03,0.092
1999-12-10,0.102
1999-12-17,0.106
1999-12-24,0.104
1999-12-31,0.096
2000-01-07,0.082
2000-01-14,0.067
2000-01-21,0.051
2000-01-28,0.038
2000-02-04,0.028
2000-02-11,0.023
2000-02-18,0.024
2000-02-25,0.029
2000-03-03,0.038
2000-03-10,0.05
2000-03-17,0.063
2000-03-24,0.077
2000-03-31,0.091
2000-04-07,0.103
2000-04-14,0.115
2000-04-21,0.125
2000-04-28,0.135
2000-05-05,0.144
2000-05-12,0.154
2000-05-19,0.164
2000-05-26,0.175
2000-06-02,0.186
2000-06-09,0.196
2000-06-16,0.205
2000-06-23,0.213
2000-06-30,0.219
2000-07-07,0.224
2000-07-14,0.226
2000-07-21,0.227
2000-07-28,0.226
2000-08-04,0.224
2000-08-11,0.221
2000-08-18,0.217
2000-08-25,0.214
2000-09-01,0.21
2000-09-08,0.207
2000-09-15,0.206
2000-09-22,0.207
2000-09-29,0.212
2000-10-06,0.223
2000-10-13,0.24
2000-10-20,0.265
2000-10-27,0.298
2000-11-03,0.338
2000-11-10,0.385
2000-11-17,0.436
2000-11-24,0.488
2000-12-01,0.537
2000-12-08,0.578
2000-12-15,0.608
2000-12-22,0.624
2000-12-29,0.624
2001-01-05,0.611
2001-01-12,0.589
2001-01-19,0.561
2001-01-26,0.532
2001-02-02,0.502
2001-02-09,0.475
2001-02-16,0.451
2001-02-23,0.432
2001-03-02,0.416
2001-03-09,0.402
2001-03-16,0.388
2001-03-23,0.373
2001-03-30,0.356
2001-04-06,0.337
2001-04-13,0.317
2001-04-20,0.295
2001-04-27,0.274
2001-05-04,0.254
2001-05-11,0.237
2001-05-18,0.223
2001-05-25,0.213
2001-06-01,0.208
2001-06-08,0.206
2001-06-15,0.205
2001-06-22,0.206
2001-06-29,0.205
2001-07-06,0.203
2001-07-13,0.199
2001-07-20,0.195
2001-07-27,0.19
2001-08-03,0.187
2001-08-10,0.187
2001-08-17,0.191
2001-08-24,0.2
2001-08-31,0.214
2001-09-07,0.232
2001-09-14,0.252
2001-09-21,0.272
2001-09-28,0.289
2001-10-05,0.302
2001-10-12,0.311
2001-10-19,0.315
2001-10-26,0.315
2001-11-02,0.312
2001-11-09,0.307
2001-11-16,0.302
2001-11-23,0.298
2001-11-30,0.293
2001-12-07,0.288
2001-12-14,0.28
2001-12-21,0.268
2001-12-28,0.253
2002-01-04,0.233
2002-01-11,0.212
2002-01-18,0.19
2002-01-25,0.17
2002-02-01,0.152
2002-02-08,0.138
2002-02-15,0.128
2002-02-22,0.12
2002-03-01,0.114
2002-03-08,0.107
2002-03-15,0.099
2002-03-22,0.089
2002-03-29,0.075
2002-04-05,0.058
2002-04-12,0.039
2002-04-19,0.018
2002-04-26,-0.003
2002-05-03,-0.022
2002-05-10,-0.037
2002-05-17,-0.045
2002-05-24,-0.046
2002-05-31,-0.04
2002-06-07,-0.027
2002-06-14,-0.007
2002-06-21,0.017
2002-06-28,0.043
2002-07-05,0.07
2002-07-12,0.095
2002-07-19,0.117
2002-07-26,0.136
2002-08-02,0.151
2002-08-09,0.163
2002-08-16,0.172
2002-08-23,0.178
2002-08-30,0.182
2002-09-06,0.186
2002-09-13,0.189
2002-09-20,0.191
2002-09-27,0.193
2002-10-04,0.194
2002-10-11,0.193
2002-10-18,0.19
2002-10-25,0.185
2002-11-01,0.179
2002-11-08,0.172
2002-11-15,0.164
2002-11-22,0.156
2002-11-29,0.148
2002-12-06,0.14
2002-12-13,0.129
2002-12-20,0.117
2002-12-27,0.103
2003-01-03,0.087
2003-01-10,0.071
2003-01-17,0.055
2003-01-24,0.042
2003-01-31,0.031
2003-02-07,0.023
2003-02-14,0.017
2003-02-21,0.012
2003-02-28,0.007
2003-03-07,0.0
2003-03-14,-0.008
2003-03-21,-0.017
2003-03-28,-0.028
2003-04-04,-0.04
2003-04-11,-0.051
2003-04-18,-0.059
2003-04-25,-0.065
2003-05-02,-0.068
2003-05-09,-0.067
2003-05-16,-0.065
2003-05-23,-0.062
2003-05-30,-0.06
2003-06-06,-0.061
2003-06-13,-0.067
2003-06-20,-0.077
2003-06-27,-0.092
2003-07-04,-0.109
2003-07-11,-0.129
2003-07-18,-0.148
2003-07-25,-0.165
2003-08-01,-0.179
2003-08-08,-0.189
2003-08-15,-0.195
2003-08-22,-0.199
2003-08-29,-0.201
2003-09-05,-0.203
2003-09-12,-0.204
2003-09-19,-0.207
2003-09-26,-0.21
2003-10-03,-0.216
2003-10-10,-0.223
2003-10-17,-0.231
2003-10-24,-0.239
2003-10-31,-0.246
2003-11-07,-0.252
2003-11-14,-0.257
2003-11-21,-0.261
2003-11-28,-0.265
2003-12-05,-0.27
2003-12-12,-0.276
2003-12-19,-0.284
2003-12-26,-0.293
2004-01-02,-0.304
2004-01-09,-0.315
2004-01-16,-0.325
2004-01-23,-0.332
2004-01-30,-0.337
2004-02-06,-0.339
2004-02-13,-0.339
2004-02-20,-0.337
2004-02-27,-0.335
2004-03-05,-0.333
2004-03-12,-0.334
2004-03-19,-0.336
2004-03-26,-0.34
2004-04-02,-0.346
2004-04-09,-0.352
2004-04-16,-0.357
2004-04-23,-0.359
2004-04-30,-0.358
2004-05-07,-0.354
2004-05-14,-0.348
2004-05-21,-0.341
2004-05-28,-0.333
2004-06-04,-0.326
2004-06-11,-0.32
2004-06-18,-0.315
2004-06-25,-0.311
2004-07-02,-0.308
2004-07-09,-0.305
2004-07-16,-0.302
2004-07-23,-0.297
2004-07-30,-0.292
2004-08-06,-0.284
2004-08-13,-0.276
2004-08-20,-0.266
2004-08-27,-0.258
2004-09-03,-0.249
2004-09-10,-0.243
2004-09-17,-0.239
2004-09-24,-0.238
2004-10-01,-0.238
2004-10-08,-0.241
2004-10-15,-0.245
2004-10-22,-0.25
2004-10-29,-0.254
2004-11-05,-0.258
2004-11-12,-0.261
2004-11-19,-0.262
2004-11-26,-0.262
2004-12-03,-0.26
2004-12-10,-0.257
2004-12-17,-0.253
2004-12-24,-0.249
2004-12-31,-0.245
2005-01-07,-0.242
2005-01-14,-0.24
2005-01-21,-0.238
2005-01-28,-0.239
2005-02-04,-0.24
2005-02-11,-0.241
2005-02-18,-0.242
2005-02-25,-0.241
2005-03-04,-0.239
2005-03-11,-0.234
2005-03-18,-0.226
2005-03-25,-0.215
2005-04-01,-0.201
2005-04-08,-0.186
2005-04-15,-0.17
2005-04-22,-0.153
2005-04-29,-0.138
2005-05-06,-0.125
2005-05-13,-0.115
2005-05-20,-0.108
2005-05-27,-0.105
2005-06-03,-0.104
2005-06-10,-0.105
2005-06-17,-0.108
2005-06-24,-0.111
2005-07-01,-0.114
2005-07-08,-0.115
2005-07-15,-0.116
2005-07-22,-0.115
2005-07-29,-0.113
2005-08-05,-0.11
2005-08-12,-0.108
2005-08-19,-0.105
2005-08-26,-0.103
2005-09-02,-0.103
2005-09-09,-0.105
2005-09-16,-0.108
2005-09-23,-0.113
2005-09-30,-0.119
2005-10-07,-0.125
2005-10-14,-0.131
2005-10-21,-0.136
2005-10-28,-0.139
2005-11-04,-0.141
2005-11-11,-0.141
2005-11-18,-0.138
2005-11-25,-0.135
2005-12-02,-0.13
2005-12-09,-0.125
2005-12-16,-0.12
2005-12-23,-0.115
2005-12-30,-0.111
2006-01-06,-0.108
2006-01-13,-0.107
2006-01-20,-0.108
2006-01-27,-0.11
2006-02-03,-0.113
2006-02-10,-0.117
2006-02-17,-0.122
2006-02-24,-0.127
2006-03-03,-0.132
2006-03-10,-0.137
2006-03-17,-0.141
2006-03-24,-0.145
2006-03-31,-0.147
2006-04-07,-0.148
2006-04-14,-0.148
2006-04-21,-0.147
2006-04-28,-0.146
2006-05-05,-0.144
2006-05-12,-0.143
2006-05-19,-0.141
2006-05-26,-0.14
2006-06-02,-0.138
2006-06-09,-0.136
2006-06-16,-0.133
2006-06-23,-0.129
2006-06-30,-0.124
2006-07-07,-0.118
2006-07-14,-0.112
2006-07-21,-0.105
2006-07-28,-0.098
2006-08-04,-0.092
2006-08-11,-0.087
2006-08-18,-0.082
2006-08-25,-0.078
2006-09-01,-0.074
2006-09-08,-0.071
2006-09-15,-0.068
2006-09-22,-0.065
2006-09-29,-0.062
2006-10-06,-0.059
2006-10-13,-0.055
2006-10-20,-0.051
2006-10-27,-0.046
2006-11-03,-0.042
2006-11-10,-0.039
2006-11-17,-0.037
2006-11-24,-0.036
2006-12-01,-0.039
2006-12-08,-0.044
2006-12-15,-0.051
2006-12-22,-0.061
2006-12-29,-0.072
2007-01-05,-0.084
2007-01-12,-0.094
2007-01-19,-0.103
2007-01-26,-0.108
2007-02-02,-0.111
2007-02-09,-0.11
2007-02-16,-0.106
2007-02-23,-0.1
2007-03-02,-0.093
2007-03-09,-0.086
2007-03-16,-0.079
2007-03-23,-0.073
2007-03-30,-0.07
2007-04-06,-0.068
2007-04-13,-0.069
2007-04-20,-0.073
2007-04-27,-0.079
2007-05-04,-0.088
2007-05-11,-0.1
2007-05-18,-0.114
2007-05-25,-0.128
2007-06-01,-0.141
2007-06-08,-0.149
2007-06-15,-0.15
2007-06-22,-0.141
2007-06-29,-0.119
2007-07-06,-0.082
2007-07-13,-0.031
2007-07-20,0.035
2007-07-27,0.111
2007-08-03,0.191
2007-08-10,0.271
2007-08-17,0.342
2007-08-24,0.397
2007-08-31,0.432
2007-09-07,0.444
2007-09-14,0.436
2007-09-21,0.412
2007-09-28,0.383
2007-10-05,0.354
2007-10-12,0.334
2007-10-19,0.328
2007-10-26,0.338
2007-11-02,0.364
2007-11-09,0.403
2007-11-16,0.452
2007-11-23,0.504
2007-11-30,0.552
2007-12-07,0.594
2007-12-14,0.626
2007-12-21,0.649
2007-12-28,0.665
2008-01-04,0.678
2008-01-11,0.696
2008-01-18,0.722
2008-01-25,0.757
2008-02-01,0.804
2008-02-08,0.861
2008-02-15,0.924
2008-02-22,0.987
2008-02-29,1.042
2008-03-07,1.084
2008-03-14,1.105
2008-03-21,1.101
2008-03-28,1.073
2008-04-04,1.025
2008-04-11,0.965
2008-04-18,0.898
2008-04-25,0.834
2008-05-02,0.779
2008-05-09,0.74
2008-05-16,0.718
2008-05-23,0.714
2008-05-30,0.727
2008-06-06,0.753
2008-06-13,0.786
2008-06-20,0.822
2008-06-27,0.856
2008-07-04,0.881
2008-07-11,0.896
2008-07-18,0.902
2008-07-25,0.903
2008-08-01,0.905
2008-08-08,0.914
2008-08-15,0.938
2008-08-22,0.984
2008-08-29,1.057
2008-09-05,1.158
2008-09-12,1.286
2008-09-19,1.443
2008-09-26,1.611
2008-10-03,1.788
2008-10-10,1.968
2008-10-17,2.138
2008-10-24,2.296
2008-10-31,2.439
2008-11-07,2.563
2008-11-14,2.669
2008-11-21,2.75
2008-11-28,2.793
2008-12-05,2.794
2008-12-12,2.752
2008-12-19,2.667
2008-12-26,2.549
2009-01-02,2.424
2009-01-09,2.295
2009-01-16,2.18
2009-01-23,2.086
2009-01-30,2.02
2009-02-06,1.982
2009-02-13,1.972
2009-02-20,1.98
2009-02-27,1.995
2009-03-06,2.006
2009-03-13,1.998
2009-03-20,1.965
2009-03-27,1.908
2009-04-03,1.83
2009-04-10,1.73
2009-04-17,1.619
2009-04-24,1.502
2009-05-01,1.385
2009-05-08,1.274
2009-05-15,1.177
2009-05-22,1.093
2009-05-29,1.025
2009-06-05,0.969
2009-06-12,0.925
2009-06-19,0.892
2009-06-26,0.859
2009-07-03,0.823
2009-07-10,0.783
2009-07-17,0.737
2009-07-24,0.686
2009-07-31,0.635
2009-08-07,0.588
2009-08-14,0.545
2009-08-21,0.508
2009-08-28,0.473
2009-09-04,0.442
2009-09-11,0.413
2009-09-18,0.387
2009-09-25,0.365
2009-10-02,0.349
2009-10-09,0.335
2009-10-16,0.324
2009-10-23,0.313
2009-10-30,0.303
2009-11-06,0.289
2009-11-13,0.27
2009-11-20,0.244
2009-11-27,0.212
2009-12-04,0.173
2009-12-11,0.13
2009-12-18,0.087
2009-12-25,0.049
2010-01-01,0.02
2010-01-08,0.002
2010-01-15,-0.003
2010-01-22,0.002
2010-01-29,0.012
2010-02-05,0.021
2010-02-12,0.025
2010-02-19,0.018
2010-02-26,0.0
2010-03-05,-0.028
2010-03-12,-0.062
2010-03-19,-0.098
2010-03-26,-0.13
2010-04-02,-0.153
2010-04-09,-0.162
2010-04-16,-0.155
2010-04-23,-0.13
2010-04-30,-0.09
2010-05-07,-0.038
2010-05-14,0.015
2010-05-21,0.068
2010-05-28,0.111
2010-06-04,0.139
2010-06-11,0.154
2010-06-18,0.153
2010-06-25,0.141
2010-07-02,0.122
2010-07-09,0.098
2010-07-16,0.074
2010-07-23,0.054
2010-07-30,0.039
2010-08-06,0.031
2010-08-13,0.029
2010-08-20,0.028
2010-08-27,0.027
2010-09-03,0.022
2010-09-10,0.009
2010-09-17,-0.011
2010-09-24,-0.035
2010-10-01,-0.066
2010-10-08,-0.099
2010-10-15,-0.133
2010-10-22,-0.165
2010-10-29,-0.195
2010-11-05,-0.22
2010-11-12,-0.239
2010-11-19,-0.256
2010-11-26,-0.27
2010-12-03,-0.284
2010-12-10,-0.3
2010-12-17,-0.317
2010-12-24,-0.334
2010-12-31,-0.351
2011-01-07,-0.367
2011-01-14,-0.381
2011-01-21,-0.394
2011-01-28,-0.402
2011-02-04,-0.406
2011-02-11,-0.404
2011-02-18,-0.398
2011-02-25,-0.388
2011-03-04,-0.378
2011-03-11,-0.368
2011-03-18,-0.361
2011-03-25,-0.359
2011-04-01,-0.36
2011-04-08,-0.363
2011-04-15,-0.367
2011-04-22,-0.37
2011-04-29,-0.37
2011-05-06,-0.367
2011-05-13,-0.36
2011-05-20,-0.351
2011-05-27,-0.341
2011-06-03,-0.332
2011-06-10,-0.323
2011-06-17,-0.317
2011-06-24,-0.311
2011-07-01,-0.304
2011-07-08,-0.291
2011-07-15,-0.269
2011-07-22,-0.238
2011-07-29,-0.195
2011-08-05,-0.142
2011-08-12,-0.084
2011-08-19,-0.027
2011-08-26,0.026
2011-09-02,0.069
2011-09-09,0.102
2011-09-16,0.122
2011-09-23,0.131
2011-09-30,0.129
2011-10-07,0.12
2011-10-14,0.105
2011-10-21,0.092
2011-10-28,0.082
2011-11-04,0.081
2011-11-11,0.086
2011-11-18,0.096
2011-11-25,0.106
2011-12-02,0.111
2011-12-09,0.11
2011-12-16,0.102
2011-12-23,0.085
2011-12-30,0.06
2012-01-06,0.029
2012-01-13,-0.004
2012-01-20,-0.038
2012-01-27,-0.07
2012-02-03,-0.095
2012-02-10,-0.115
2012-02-17,-0.129
2012-02-24,-0.141
2012-03-02,-0.15
2012-03-09,-0.157
2012-03-16,-0.162
2012-03-23,-0.164
2012-03-30,-0.161
2012-04-06,-0.152
2012-04-13,-0.136
2012-04-20,-0.115
2012-04-27,-0.088
2012-05-04,-0.057
2012-05-11,-0.023
2012-05-18,0.01
2012-05-25,0.038
2012-06-01,0.06
2012-06-08,0.072
2012-06-15,0.076
2012-06-22,0.071
2012-06-29,0.062
2012-07-06,0.047
2012-07-13,0.032
2012-07-20,0.015
2012-07-27,-0.002
2012-08-03,-0.02
2012-08-10,-0.037
2012-08-17,-0.054
2012-08-24,-0.072
2012-08-31,-0.089
2012-09-07,-0.106
2012-09-14,-0.122
2012-09-21,-0.136
2012-09-28,-0.144
2012-10-05,-0.149
2012-10-12,-0.149
2012-10-19,-0.144
2012-10-26,-0.137
2012-11-02,-0.128
2012-11-09,-0.12
2012-11-16,-0.115
2012-11-23,-0.116
2012-11-30,-0.121
2012-12-07,-0.132
2012-12-14,-0.147
2012-12-21,-0.164
2012-12-28,-0.18
2013-01-04,-0.197
2013-01-11,-0.211
2013-01-18,-0.221
2013-01-25,-0.23
2013-02-01,-0.235
2013-02-08,-0.238
2013-02-15,-0.241
2013-02-22,-0.243
2013-03-01,-0.246
2013-03-08,-0.252
2013-03-15,-0.26
2013-03-22,-0.27
2013-03-29,-0.283
2013-04-05,-0.299
2013-04-12,-0.316
2013-04-19,-0.333
2013-04-26,-0.35
2013-05-03,-0.364
2013-05-10,-0.372
2013-05-17,-0.374
2013-05-24,-0.37
2013-05-31,-0.36
2013-06-07,-0.348
2013-06-14,-0.334
2013-06-21,-0.322
2013-06-28,-0.313
2013-07-05,-0.309
2013-07-12,-0.309
2013-07-19,-0.312
2013-07-26,-0.316
2013-08-02,-0.32
2013-08-09,-0.322
2013-08-16,-0.324
2013-08-23,-0.324
2013-08-30,-0.324
2013-09-06,-0.326
2013-09-13,-0.329
2013-09-20,-0.333
2013-09-27,-0.34
2013-10-04,-0.348
2013-10-11,-0.358
2013-10-18,-0.369
2013-10-25,-0.38
2013-11-01,-0.391
2013-11-08,-0.401
2013-11-15,-0.411
2013-11-22,-0.419
2013-11-29,-0.427
2013-12-06,-0.433
2013-12-13,-0.437
2013-12-20,-0.439
2013-12-27,-0.439
2014-01-03,-0.435
2014-01-10,-0.43
2014-01-17,-0.423
2014-01-24,-0.416
2014-01-31,-0.41
2014-02-07,-0.407
2014-02-14,-0.405
2014-02-21,-0.403
2014-02-28,-0.402
2014-03-07,-0.4
2014-03-14,-0.395
2014-03-21,-0.39
2014-03-28,-0.384
2014-04-04,-0.377
2014-04-11,-0.371
2014-04-18,-0.366
2014-04-25,-0.363
2014-05-02,-0.361
2014-05-09,-0.362
2014-05-16,-0.365
2014-05-23,-0.369
2014-05-30,-0.374
2014-06-06,-0.378
2014-06-13,-0.381
2014-06-20,-0.382
2014-06-27,-0.381
2014-07-04,-0.378
2014-07-11,-0.374
2014-07-18,-0.368
2014-07-25,-0.362
2014-08-01,-0.355
2014-08-08,-0.348
2014-08-15,-0.341
2014-08-22,-0.332
2014-08-29,-0.321
2014-09-05,-0.309
2014-09-12,-0.295
2014-09-19,-0.282
2014-09-26,-0.269
2014-10-03,-0.26
2014-10-10,-0.254
2014-10-17,-0.251
2014-10-24,-0.251
2014-10-31,-0.252
2014-11-07,-0.253
2014-11-14,-0.252
2014-11-21,-0.247
2014-11-28,-0.239
2014-12-05,-0.226
2014-12-12,-0.209
2014-12-19,-0.191
2014-12-26,-0.172
2015-01-02,-0.154
2015-01-09,-0.138
2015-01-16,-0.125
2015-01-23,-0.116
2015-01-30,-0.111
2015-02-06,-0.109
2015-02-13,-0.11
2015-02-20,-0.113
2015-02-27,-0.115
2015-03-06,-0.117
2015-03-13,-0.118
2015-03-20,-0.119
2015-03-27,-0.118
2015-04-03,-0.117
2015-04-10,-0.116
2015-04-17,-0.115
2015-04-24,-0.114
2015-05-01,-0.114
2015-05-08,-0.113
2015-05-15,-0.113
2015-05-22,-0.112
2015-05-29,-0.111
2015-06-05,-0.11
2015-06-12,-0.107
2015-06-19,-0.102
2015-06-26,-0.096
2015-07-03,-0.088
2015-07-10,-0.076
2015-07-17,-0.064
2015-07-24,-0.049
2015-07-31,-0.032
2015-08-07,-0.015
2015-08-14,0.001
2015-08-21,0.016
2015-08-28,0.028
2015-09-04,0.038
2015-09-11,0.045
2015-09-18,0.048
2015-09-25,0.049
2015-10-02,0.049
2015-10-09,0.046
2015-10-16,0.044
2015-10-23,0.043
2015-10-30,0.045
2015-11-06,0.051
2015-11-13,0.06
2015-11-20,0.073
2015-11-27,0.089
2015-12-04,0.108
2015-12-11,0.129
2015-12-18,0.151
2015-12-25,0.172
2016-01-01,0.193
2016-01-08,0.211
2016-01-15,0.227
2016-01-22,0.239
2016-01-29,0.247
2016-02-05,0.251
2016-02-12,0.249
2016-02-19,0.241
2016-02-26,0.228
2016-03-04,0.211
2016-03-11,0.194
2016-03-18,0.178
2016-03-25,0.165
2016-04-01,0.156
2016-04-08,0.15
2016-04-15,0.147
2016-04-22,0.147
2016-04-29,0.15
2016-05-06,0.154
2016-05-13,0.16
2016-05-20,0.166
2016-05-27,0.171
2016-06-03,0.177
2016-06-10,0.181
2016-06-17,0.184
2016-06-24,0.185
2016-07-01,0.183
2016-07-08,0.178
2016-07-15,0.17
2016-07-22,0.16
2016-07-29,0.151
2016-08-05,0.144
2016-08-12,0.139
2016-08-19,0.139
2016-08-26,0.141
2016-09-02,0.147
2016-09-09,0.154
2016-09-16,0.16
2016-09-23,0.164
2016-09-30,0.166
2016-10-07,0.163
2016-10-14,0.158
2016-10-21,0.15
2016-10-28,0.139
2016-11-04,0.127
2016-11-11,0.113
2016-11-18,0.099
2016-11-25,0.085
2016-12-02,0.073
2016-12-09,0.061
2016-12-16,0.049
2016-12-23,0.039
2016-12-30,0.029
2017-01-06,0.019
2017-01-13,0.01
2017-01-20,0.001
2017-01-27,-0.006
2017-02-03,-0.011
2017-02-10,-0.014
2017-02-17,-0.015
2017-02-24,-0.013
2017-03-03,-0.009
2017-03-10,-0.005
2017-03-17,-0.002
2017-03-24,0.001
2017-03-31,0.001
2017-04-07,0.0
2017-04-14,-0.002
2017-04-21,-0.005
2017-04-28,-0.009
2017-05-05,-0.012
2017-05-12,-0.016
2017-05-19,-0.02
2017-05-26,-0.025
2017-06-02,-0.031
2017-06-09,-0.038
2017-06-16,-0.045
2017-06-23,-0.052
2017-06-30,-0.059
2017-07-07,-0.065
2017-07-14,-0.069
2017-07-21,-0.072
2017-07-28,-0.072
2017-08-04,-0.069
2017-08-11,-0.065
2017-08-18,-0.062
2017-08-25,-0.059
2017-09-01,-0.058
2017-09-08,-0.06
2017-09-15,-0.064
2017-09-22,-0.07
2017-09-29,-0.078
2017-10-06,-0.085
2017-10-13,-0.093
2017-10-20,-0.098
2017-10-27,-0.101
2017-11-03,-0.101
2017-11-10,-0.099
2017-11-17,-0.096
2017-11-24,-0.093
2017-12-01,-0.09
2017-12-08,-0.088
2017-12-15,-0.089
2017-12-22,-0.091
2017-12-29,-0.095
2018-01-05,-0.099
2018-01-12,-0.103
2018-01-19,-0.105
2018-01-26,-0.104
2018-02-02,-0.1
2018-02-09,-0.092
2018-02-16,-0.081
2018-02-23,-0.069
2018-03-02,-0.057
2018-03-09,-0.045
2018-03-16,-0.036
2018-03-23,-0.029
2018-03-30,-0.026
2018-04-06,-0.026
2018-04-13,-0.03
2018-04-20,-0.036
2018-04-27,-0.042
2018-05-04,-0.049
2018-05-11,-0.054
2018-05-18,-0.059
2018-05-25,-0.062
2018-06-01,-0.064
2018-06-08,-0.064
2018-06-15,-0.064
2018-06-22,-0.063
2018-06-29,-0.063
2018-07-06,-0.063
2018-07-13,-0.065
2018-07-20,-0.067
2018-07-27,-0.07
2018-08-03,-0.073
2018-08-10,-0.076
2018-08-17,-0.079
2018-08-24,-0.082
2018-08-31,-0.085
2018-09-07,-0.088
2018-09-14,-0.09
2018-09-21,-0.091
2018-09-28,-0.091
2018-10-05,-0.089
2018-10-12,-0.085
2018-10-19,-0.079
2018-10-26,-0.07
2018-11-02,-0.057
2018-11-09,-0.042
2018-11-16,-0.024
2018-11-23,-0.005
2018-11-30,0.014
2018-12-07,0.031
2018-12-14,0.044
2018-12-21,0.051
2018-12-28,0.052
2019-01-04,0.046
2019-01-11,0.035
2019-01-18,0.021
2019-01-25,0.005
2019-02-01,-0.01
2019-02-08,-0.023
2019-02-15,-0.034
2019-02-22,-0.042
2019-03-01,-0.047
2019-03-08,-0.05
2019-03-15,-0.052
2019-03-22,-0.053
2019-03-29,-0.054
2019-04-05,-0.055
2019-04-12,-0.056
2019-04-19,-0.056
2019-04-26,-0.055
2019-05-03,-0.053
2019-05-10,-0.05
2019-05-17,-0.045
2019-05-24,-0.041
2019-05-31,-0.037
2019-06-07,-0.035
2019-06-14,-0.033
2019-06-21,-0.032
2019-06-28,-0.031
2019-07-05,-0.029
2019-07-12,-0.026
2019-07-19,-0.021
2019-07-26,-0.014
2019-08-02,-0.006
2019-08-09,0.003
2019-08-16,0.012
2019-08-23,0.02
2019-08-30,0.026
2019-09-06,0.029
2019-09-13,0.028
2019-09-20,0.025
2019-09-27,0.019
2019-10-04,0.011
2019-10-11,0.003
2019-10-18,-0.006
2019-10-25,-0.014
2019-11-01,-0.02
2019-11-08,-0.023
2019-11-15,-0.025
2019-11-22,-0.025
2019-11-29,-0.025
2019-12-06,-0.026
2019-12-13,-0.031
2019-12-20,-0.039
2019-12-27,-0.052
2020-01-03,-0.067
2020-01-10,-0.084
2020-01-17,-0.097
2020-01-24,-0.101
2020-01-31,-0.092
2020-02-07,-0.065
2020-02-14,-0.016
2020-02-21,0.057
2020-02-28,0.151
2020-03-06,0.258
2020-03-13,0.37
2020-03-20,0.474
2020-03-27,0.554
2020-04-03,0.608
2020-04-10,0.632
2020-04-17,0.627
2020-04-24,0.599
2020-05-01,0.553
2020-05-08,0.493
2020-05-15,0.429
2020-05-22,0.362
2020-05-29,0.3
2020-06-05,0.246
2020-06-12,0.202
2020-06-19,0.168
2020-06-26,0.142
2020-07-03,0.121
2020-07-10,0.102
2020-07-17,0.084
2020-07-24,0.066
2020-07-31,0.049
2020-08-07,0.032
2020-08-14,0.017
2020-08-21,0.005
2020-08-28,-0.003
2020-09-04,-0.008
2020-09-11,-0.01
2020-09-18,-0.01
2020-09-25,-0.009
2020-10-02,-0.009
2020-10-09,-0.012
2020-10-16,-0.015
2020-10-23,-0.021
2020-10-30,-0.029
2020-11-06,-0.038
2020-11-13,-0.047
2020-11-20,-0.056
2020-11-27,-0.065
2020-12-04,-0.073
2020-12-11,-0.08
2020-12-18,-0.086
2020-12-25,-0.092
2021-01-01,-0.098
2021-01-08,-0.105
2021-01-15,-0.111
2021-01-22,-0.117
2021-01-29,-0.122
2021-02-05,-0.126
2021-02-12,-0.13
2021-02-19,-0.134
2021-02-26,-0.137
2021-03-05,-0.142
2021-03-12,-0.146
2021-03-19,-0.152
2021-03-26,-0.159
2021-04-02,-0.166
2021-04-09,-0.173
2021-04-16,-0.179
2021-04-23,-0.184
2021-04-30,-0.188
2021-05-07,-0.189
2021-05-14,-0.188
2021-05-21,-0.185
2021-05-28,-0.182
2021-06-04,-0.177
2021-06-11,-0.173
2021-06-18,-0.169
2021-06-25,-0.166
2021-07-02,-0.162
2021-07-09,-0.158
2021-07-16,-0.154
2021-07-23,-0.149
2021-07-30,-0.145
2021-08-06,-0.141
2021-08-13,-0.138
2021-08-20,-0.137
2021-08-27,-0.136
2021-09-03,-0.137
2021-09-10,-0.138
2021-09-17,-0.139
2021-09-24,-0.141
2021-10-01,-0.141
2021-10-08,-0.14
2021-10-15,-0.138
2021-10-22,-0.136
2021-10-29,-0.131
2021-11-05,-0.126
2021-11-12,-0.121
2021-11-19,-0.115
2021-11-26,-0.11
2021-12-03,-0.105
2021-12-10,-0.103
2021-12-17,-0.1
2021-12-24,-0.098
2021-12-31,-0.096
2022-01-07,-0.091
2022-01-14,-0.084
2022-01-21,-0.074
2022-01-28,-0.061
2022-02-04,-0.046
2022-02-11,-0.029
2022-02-18,-0.011
2022-02-25,0.006
2022-03-04,0.022
2022-03-11,0.036
2022-03-18,0.046
2022-03-25,0.054
2022-04-01,0.06
2022-04-08,0.065
2022-04-15,0.07
2022-04-22,0.077
2022-04-29,0.085
2022-05-06,0.096
2022-05-13,0.108
2022-05-20,0.123
2022-05-27,0.139
2022-06-03,0.156
2022-06-10,0.173
2022-06-17,0.188
2022-06-24,0.198
2022-07-01,0.204
2022-07-08,0.204
2022-07-15,0.198
2022-07-22,0.188
2022-07-29,0.177
2022-08-05,0.168
2022-08-12,0.162
2022-08-19,0.161
2022-08-26,0.166
2022-09-02,0.177
2022-09-09,0.191
2022-09-16,0.207
2022-09-23,0.223
2022-09-30,0.236
2022-10-07,0.244
2022-10-14,0.247
2022-10-21,0.244
2022-10-28,0.236
2022-11-04,0.226
2022-11-11,0.215
2022-11-18,0.205
2022-11-25,0.197
2022-12-02,0.192
2022-12-09,0.19
2022-12-16,0.187
2022-12-23,0.185
2022-12-30,0.18
2023-01-06,0.173
2023-01-13,0.164
2023-01-20,0.155
2023-01-27,0.147
2023-02-03,0.142
2023-02-10,0.141
2023-02-17,0.144
2023-02-24,0.153
2023-03-03,0.165
2023-03-10,0.179
2023-03-17,0.194
2023-03-24,0.206
2023-03-31,0.213
2023-04-07,0.217
2023-04-14,0.217
2023-04-21,0.214
2023-04-28,0.208
2023-05-05,0.202
2023-05-12,0.194
2023-05-19,0.186
2023-05-26,0.178
2023-06-02,0.171
2023-06-09,0.164
2023-06-16,0.159
2023-06-23,0.155
2023-06-30,0.151
2023-07-07,0.147
2023-07-14,0.143
2023-07-21,0.14
2023-07-28,0.136
2023-08-04,0.132
2023-08-11,0.129
2023-08-18,0.126
2023-08-25,0.125
2023-09-01,0.124
2023-09-08,0.124
2023-09-15,0.125
2023-09-22,0.127
2023-09-29,0.129
2023-10-06,0.13
2023-10-13,0.131
2023-10-20,0.129
2023-10-27,0.126
2023-11-03,0.121
2023-11-10,0.114
2023-11-17,0.106
2023-11-24,0.097
2023-12-01,0.088
2023-12-08,0.08
2023-12-15,0.072
2023-12-22,0.064
2023-12-29,0.056
2024-01-05,0.049
2024-01-12,0.041
2024-01-19,0.035
2024-01-26,0.029
2024-02-02,0.023
2024-02-09,0.017
2024-02-16,0.012
2024-02-23,0.008
2024-03-01,0.004
2024-03-08,0.001
2024-03-15,-0.001
2024-03-22,-0.003
2024-03-29,-0.003
2024-04-05,-0.004
2024-04-12,-0.005
2024-04-19,-0.006
2024-04-26,-0.008
2024-05-03,-0.011
2024-05-10,-0.014
2024-05-17,-0.016
2024-05-24,-0.017
2024-05-31,-0.017
2024-06-07,-0.016
2024-06-14,-0.014
2024-06-21,-0.011
2024-06-28,-0.008
2024-07-05,-0.005
2024-07-12,-0.002
2024-07-19,0.0
2024-07-26,0.003
2024-08-02,0.004
2024-08-09,0.004
2024-08-16,0.002
2024-08-23,-0.001
2024-08-30,-0.006
2024-09-06,-0.012
2024-09-13,-0.018
2024-09-20,-0.026
2024-09-27,-0.033
2024-10-04,-0.042
2024-10-11,-0.05
2024-10-18,-0.057
2024-10-25,-0.064
2024-11-01,-0.07
2024-11-08,-0.074
2024-11-15,-0.078
2024-11-22,-0.079
2024-11-29,-0.079
2024-12-06,-0.078
2024-12-13,-0.075
2024-12-20,-0.073
2024-12-27,-0.071
2025-01-03,-0.07
2025-01-10,-0.07
2025-01-17,-0.069
2025-01-24,-0.069
2025-01-31,-0.067
2025-02-07,-0.064
2025-02-14,-0.058
2025-02-21,-0.049
2025-02-28,-0.039
2025-03-07,-0.027
2025-03-14,-0.014
2025-03-21,-0.002
2025-03-28,0.007
2025-04-04,0.014
2025-04-11,0.017
2025-04-18,0.017
2025-04-25,0.013
2025-05-02,0.007
2025-05-09,-0.002
2025-05-16,-0.011
2025-05-23,-0.02
2025-05-30,-0.027
2025-06-06,-0.032
2025-06-13,-0.036
2025-06-20,-0.039
2025-06-27,-0.042
2025-07-04,-0.045
2025-07-11,-0.047
2025-07-18,-0.049
2025-07-25,-0.051
2025-08-01,-0.052
2025-08-08,-0.053
2025-08-15,-0.053
2025-08-22,-0.053
2025-08-29,-0.051
2025-09-05,-0.049
2025-09-12,-0.047
2025-09-19,-0.046
2025-09-26,-0.044
2025-10-03,-0.042
2025-10-10,-0.04
2025-10-17,-0.037
2025-10-24,-0.034
2025-10-31,-0.03
2025-11-07,-0.025
2025-11-14,-0.021
2025-11-21,-0.016
2025-11-28,-0.013
2025-12-05,-0.011
2025-12-12,-0.011
2025-12-19,-0.014
2025-12-26,-0.019
2026-01-02,-0.025
2026-01-09,-0.031
2026-01-16,-0.037
2026-01-23,-0.039
2026-01-30,-0.039
2026-02-06,-0.036
2026-02-13,-0.03
2026-02-20,-0.022
2026-02-27,-0.013
2026-03-06,-0.004
2026-03-13,0.003
2026-03-20,0.007
2026-03-27,0.007
2026-04-03,0.004
2026-04-10,-0.002
2026-04-17,-0.01
2026-04-24,-0.019
2026-05-01,-0.027
2026-05-08,-0.035
